1,manoela@gmail.com,jgijsfig jfi656f0g6f5
2,manoela@gmail.com,jgijsfig jfi656f0g6f5
3,manoela@gmail.com,jgijsfig jfi656f0g6f5
4,manoela@gmail.com,jgijsfig jfi656f0g6f5
5,manoela@gmail.com,jgijsfig jfi656f0g6f5
6,manoela@gmail.com,jgijsfig jfi656f0g6f5
7,manoela@gmail.com,jgijsfig jfi656f0g6f5
8,manoela@gmail.com,jgijsfig jfi656f0g6f5
9,manoela@gmail.com,jgijsfig jfi656f0g6f5
10,manoela@gmail.com,jgijsfig jfi656f0g6f5
11,manoela@gmail.com,jgijsfig jfi656f0g6f5
12,manoela@gmail.com,jgijsfig jfi656f0g6f5
13,manoela@gmail.com,jgijsfig jfi656f0g6f5
14,manoela@gmail.com,jgijsfig jfi656f0g6f5
15,manoela@gmail.com,jgijsfig jfi656f0g6f5
16,manoela@gmail.com,jgijsfig jfi656f0g6f5
17,manoela@gmail.com,jgijsfig jfi656f0g6f5
18,manoela@gmail.com,jgijsfig jfi656f0g6f5
19,manoela@gmail.com,jgijsfig jfi656f0g6f5
20,manoela@gmail.com,jgijsfig jfi656f0g6f5